{"cameraMode":{"drawMode":0,"name":"Shaded","section":"Shading Mode"},"sceneLighting":true,"audioPlay":false,"sceneViewState":{"m_AlwaysRefresh":false,"showFog":true,"showSkybox":true,"showFlares":true,"showImageEffects":true,"showParticleSystems":true,"showVisualEffectGraphs":true,"m_FxEnabled":true},"in2DMode":false,"pivot":{"x":233.8372802734375,"y":410.447509765625,"z":55.4266357421875},"rotation":{"x":-0.07523762434720993,"y":-0.0053867497481405739,"z":0.00040622218511998653,"w":-0.9971597790718079},"size":186.89962768554688,"orthographic":false}